{
  "weights": {
    "X1": 0.9999999999998143,
    "X2": 3.740376180101294,
    "X3": 6.0835602369745185,
    "X4": 4.752676801410974,
    "X5": 3.0,
    "X6": 3.0
  },
  "models": {
    "X3": {
      "form": "logarithmic",
      "params": [
        -0.23980616389786366,
        2.536835550838782
      ]
    },
    "X4": {
      "form": "quadratic",
      "params": [
        -0.002624525185034542,
        0.030915580055462244,
        0.9326476291534115
      ]
    },
    "X2": {
      "form": "quadratic",
      "params": [
        0.00028720442193821874,
        -0.016333717603291345,
        1.163900470796428
      ]
    },
    "X1": {
      "form": "quadratic",
      "params": [
        0.07622622041846419,
        -306.68805466525396,
        308482.4902697268
      ]
    },
    "GEO": {
      "form": "poly2D",
      "params": [
        614920.424667535,
        -13429.484881647926,
        -7361.300395929758,
        247.7709059327144,
        29.383352198601642,
        8.755543379156734
      ]
    }
  },
  "Ybar": 37.980193236714975,
  "feature_order": [
    "X1",
    "X2",
    "X3",
    "X4",
    "X5",
    "X6"
  ]
}